method,seed,side,eligible,total,score,intended,abs_off,coefficient,multiplier,point_id,evidence
kv_cache_gram,0,+C,3,3,-1.06125,0.15375,0.30375,0.701596340467,0.8,f0a78432d6e1e840,../../../outputs/bsbench-v2/results/evidence/f0a78432d6e1e840.html
kv_cache_gram,0,-C,2,3,-1.6975,-0.7175,0.245,-0.644631634012,0.8,610ef725c7712b03,../../../outputs/bsbench-v2/results/evidence/610ef725c7712b03.html
mean_diff,0,+C,2,3,-0.28249999999999975,1.8275000000000001,0.5275,1.740137281246,1.0,01c3dad8fdefa633,../../../outputs/bsbench-v2/results/evidence/01c3dad8fdefa633.html
mean_diff,0,-C,3,3,-1.59625,-0.31124999999999997,0.32125,-1.22104810869,0.8,552c466a5b2db217,../../../outputs/bsbench-v2/results/evidence/552c466a5b2db217.html
pca,0,+C,3,3,-0.30499999999999994,0.63,0.23374999999999999,1.870398717971,1.2,dc3d82f612e70d9b,../../../outputs/bsbench-v2/results/evidence/dc3d82f612e70d9b.html
pca,0,-C,3,3,-1.68125,-0.52125,0.29,-1.120289558611,0.8,bf064ccf0ed6ba76,../../../outputs/bsbench-v2/results/evidence/bf064ccf0ed6ba76.html
prompting,0,+C,1,1,0.7800000000000002,4.655,0.96875,,,0dc1677eb7728818,../../../outputs/bsbench-v2/results/evidence/0dc1677eb7728818.html
random,0,+C,3,3,1.35125,2.63125,0.32,3.104214034787,1.0,7c4c45a53af68697,../../../outputs/bsbench-v2/results/evidence/7c4c45a53af68697.html
random,0,-C,1,3,-2.8375,-0.6625,0.54375,-3.381871973048,1.0,6aca5345b4635b6b,../../../outputs/bsbench-v2/results/evidence/6aca5345b4635b6b.html
random,1,+C,3,3,0.7962499999999999,2.30125,0.37625000000000003,3.331256607375,1.0,3b0a5ce2d0e31773,../../../outputs/bsbench-v2/results/evidence/3b0a5ce2d0e31773.html
random,1,-C,3,3,-2.1987499999999995,-0.03874999999999995,0.5399999999999999,-2.517440317127,0.8,1b8c66656894d8ec,../../../outputs/bsbench-v2/results/evidence/1b8c66656894d8ec.html
random,2,+C,3,3,0.5837499999999998,2.0837499999999998,0.375,3.184441362049,1.0,6c1871fd3a776890,../../../outputs/bsbench-v2/results/evidence/6c1871fd3a776890.html
random,2,-C,3,3,-2.7737499999999997,-0.50875,0.5662499999999999,-2.749051245142,0.8,597c7cd4b93e4137,../../../outputs/bsbench-v2/results/evidence/597c7cd4b93e4137.html
random,3,+C,2,3,-0.35749999999999993,2.0775,0.60875,4.240568504879,1.2,b859827b4823eed1,../../../outputs/bsbench-v2/results/evidence/b859827b4823eed1.html
random,3,-C,3,3,-4.779999999999999,-2.61,0.5425,-2.428891020832,0.8,9bc526ea3c116a4a,../../../outputs/bsbench-v2/results/evidence/9bc526ea3c116a4a.html
random,4,+C,3,3,-0.5662500000000001,0.91875,0.37125,2.296016965865,0.8,41fee9ecc4d7ee57,../../../outputs/bsbench-v2/results/evidence/41fee9ecc4d7ee57.html
random,4,-C,1,3,-1.3937499999999998,0.07125,0.36624999999999996,-2.682397403031,0.8,f343911968edd1bc,../../../outputs/bsbench-v2/results/evidence/f343911968edd1bc.html
vjp_cache,0,+C,3,3,0.72875,1.93875,0.3025,3.824527356372,1.2,988c571f9697b933,../../../outputs/bsbench-v2/results/evidence/988c571f9697b933.html
vjp_cache,0,-C,2,3,-0.25,1.57,0.455,-2.828384524929,1.0,5489351493017157,../../../outputs/bsbench-v2/results/evidence/5489351493017157.html
vjp_delta,0,+C,3,3,1.3312499999999998,2.64125,0.3275,1.0318890699,1.2,b4a748b7754f1d33,../../../outputs/bsbench-v2/results/evidence/b4a748b7754f1d33.html
vjp_delta,0,-C,2,3,-0.23375000000000012,2.19625,0.6075,-0.632169482802,0.8,4b45fefaf81c03e8,../../../outputs/bsbench-v2/results/evidence/4b45fefaf81c03e8.html
