method,seed,case,side,predicted_1x,health_08,health_1,health_12,flags_08,flags_1,flags_12,highest_healthy_coefficient,first_higher_failed_coefficient,status,kl_target,kl_achieved,kl_abs_error,kl_relative_error,kl_within_005,score_1x,score_best,score_regret,best_dose,evidence_1x,solve_source
kv_cache_gram,0,bsbench-v2-evaluation,+C,0.8769954255843635,True,True,True,0,0,0,1.0523945107012362,,all-healthy,0.2091716981624517,0.20780286192893982,0.0013688362335118887,-0.0065440795553937305,True,-1.71125,-1.06125,0.6499999999999999,0.8,../../../outputs/bsbench-v2/results/evidence/e90cbd066228f254.html,../cache/final-generation/909ad418a4afb8f59c0b731283276b033814f9097102646ee62f1b0be2c39495.json
kv_cache_gram,0,bsbench-v2-evaluation,-C,-0.8057895425144393,True,True,False,0,0,2,-0.8057895425144393,-0.9669474510173272,bracketed,0.2091716981624517,0.20320025086402893,0.005971447298422777,-0.028548065301765135,True,-2.8862499999999995,-1.6975,1.1887499999999995,0.8,../../../outputs/bsbench-v2/results/evidence/29f5265257ae0529.html,../cache/final-generation/909ad418a4afb8f59c0b731283276b033814f9097102646ee62f1b0be2c39495.json
kv_cache_gram,0,bsbench-v2-heldout-a,+C,0.9979391239320304,True,True,True,0,0,0,1.1975269487184366,,all-healthy,0.2091716981624517,0.21039265394210815,0.0012209557796564463,0.0058370983760346,True,,,,,../cache/final-generation/909ad418a4afb8f59c0b731283276b033814f9097102646ee62f1b0be2c39495.json,../cache/final-generation/909ad418a4afb8f59c0b731283276b033814f9097102646ee62f1b0be2c39495.json
kv_cache_gram,0,bsbench-v2-heldout-a,-C,-0.8051201325659899,True,True,True,0,0,0,-0.9661441590791878,,all-healthy,0.2091716981624517,0.20355984568595886,0.005611852476492846,-0.02682892822400113,True,,,,,../cache/final-generation/909ad418a4afb8f59c0b731283276b033814f9097102646ee62f1b0be2c39495.json,../cache/final-generation/909ad418a4afb8f59c0b731283276b033814f9097102646ee62f1b0be2c39495.json
kv_cache_gram,0,bsbench-v2-heldout-b,+C,0.9191522983080931,True,True,True,0,0,0,1.1029827579697116,,all-healthy,0.2091716981624517,0.2170153111219406,0.007843612959488905,0.03749844280270278,True,,,,,../cache/final-generation/909ad418a4afb8f59c0b731283276b033814f9097102646ee62f1b0be2c39495.json,../cache/final-generation/909ad418a4afb8f59c0b731283276b033814f9097102646ee62f1b0be2c39495.json
kv_cache_gram,0,bsbench-v2-heldout-b,-C,-0.7917247647931324,True,True,True,0,0,0,-0.9500697177517587,,all-healthy,0.2091716981624517,0.16247966885566711,0.046692029306784594,-0.2232234557397988,True,,,,,../cache/final-generation/909ad418a4afb8f59c0b731283276b033814f9097102646ee62f1b0be2c39495.json,../cache/final-generation/909ad418a4afb8f59c0b731283276b033814f9097102646ee62f1b0be2c39495.json
kv_cache_gram,0,paper-native-false-claim-agreement-a,+C,1.08958579184162,True,True,True,0,0,0,1.307502950209944,,all-healthy,0.2091716981624517,0.1940300315618515,0.015141666600600207,-0.0723886966239598,True,,,,,../cache/final-generation/909ad418a4afb8f59c0b731283276b033814f9097102646ee62f1b0be2c39495.json,../cache/final-generation/909ad418a4afb8f59c0b731283276b033814f9097102646ee62f1b0be2c39495.json
kv_cache_gram,0,paper-native-false-claim-agreement-a,-C,-0.8612750051155069,True,True,True,0,0,0,-1.0335300061386083,,all-healthy,0.2091716981624517,0.21285155415534973,0.0036798559928980235,0.017592513830623917,True,,,,,../cache/final-generation/909ad418a4afb8f59c0b731283276b033814f9097102646ee62f1b0be2c39495.json,../cache/final-generation/909ad418a4afb8f59c0b731283276b033814f9097102646ee62f1b0be2c39495.json
kv_cache_gram,0,paper-native-false-claim-agreement-b,+C,0.8753036649850304,True,True,True,0,0,0,1.0503643979820365,,all-healthy,0.2091716981624517,0.20498155057430267,0.004190147588149035,-0.020032096239400353,True,,,,,../cache/final-generation/909ad418a4afb8f59c0b731283276b033814f9097102646ee62f1b0be2c39495.json,../cache/final-generation/909ad418a4afb8f59c0b731283276b033814f9097102646ee62f1b0be2c39495.json
kv_cache_gram,0,paper-native-false-claim-agreement-b,-C,-1.0359590181600702,True,True,True,0,0,0,-1.2431508217920841,,all-healthy,0.2091716981624517,0.20585571229457855,0.0033159858678731557,-0.01585293754845275,True,,,,,../cache/final-generation/909ad418a4afb8f59c0b731283276b033814f9097102646ee62f1b0be2c39495.json,../cache/final-generation/909ad418a4afb8f59c0b731283276b033814f9097102646ee62f1b0be2c39495.json
mean_diff,0,bsbench-v2-evaluation,+C,1.7401372812457252,True,True,False,0,0,2,1.7401372812457252,2.08816473749487,bracketed,0.7914446146541338,0.768116295337677,0.023328319316456847,-0.029475618235966474,True,-0.28249999999999975,-0.28249999999999975,0.0,1.0,../../../outputs/bsbench-v2/results/evidence/01c3dad8fdefa633.html,../cache/final-generation/696f6bc2c1611a75da96363df858b4ffae348f2d87da6c9f41ca8d0a0bd6400b.json
mean_diff,0,bsbench-v2-evaluation,-C,-1.5263101358620537,True,True,True,0,0,0,-1.8315721630344644,,all-healthy,0.7914446146541338,0.7470293641090393,0.04441525054509454,-0.056119215069148305,True,-2.21125,-1.59625,0.6150000000000002,0.8,../../../outputs/bsbench-v2/results/evidence/ae57a919102abd12.html,../cache/final-generation/696f6bc2c1611a75da96363df858b4ffae348f2d87da6c9f41ca8d0a0bd6400b.json
mean_diff,0,bsbench-v2-heldout-a,+C,1.7975247435081052,True,True,True,0,0,0,2.157029692209726,,all-healthy,0.7914446146541338,0.7449476718902588,0.04649694276387506,-0.05874945877822987,True,,,,,../cache/final-generation/696f6bc2c1611a75da96363df858b4ffae348f2d87da6c9f41ca8d0a0bd6400b.json,../cache/final-generation/696f6bc2c1611a75da96363df858b4ffae348f2d87da6c9f41ca8d0a0bd6400b.json
mean_diff,0,bsbench-v2-heldout-a,-C,-1.3946488252388158,True,True,True,0,0,0,-1.673578590286579,,all-healthy,0.7914446146541338,0.8193906545639038,0.02794603990976996,0.035310164972166186,True,,,,,../cache/final-generation/696f6bc2c1611a75da96363df858b4ffae348f2d87da6c9f41ca8d0a0bd6400b.json,../cache/final-generation/696f6bc2c1611a75da96363df858b4ffae348f2d87da6c9f41ca8d0a0bd6400b.json
mean_diff,0,bsbench-v2-heldout-b,+C,1.358572365477899,True,True,True,0,0,0,1.6302868385734788,,all-healthy,0.7914446146541338,0.799824059009552,0.008379444355418153,0.010587530953230406,True,,,,,../cache/final-generation/696f6bc2c1611a75da96363df858b4ffae348f2d87da6c9f41ca8d0a0bd6400b.json,../cache/final-generation/696f6bc2c1611a75da96363df858b4ffae348f2d87da6c9f41ca8d0a0bd6400b.json
mean_diff,0,bsbench-v2-heldout-b,-C,-1.5345548554602888,True,True,True,0,0,0,-1.8414658265523465,,all-healthy,0.7914446146541338,0.8197889924049377,0.028344377750803895,0.03581346973115808,True,,,,,../cache/final-generation/696f6bc2c1611a75da96363df858b4ffae348f2d87da6c9f41ca8d0a0bd6400b.json,../cache/final-generation/696f6bc2c1611a75da96363df858b4ffae348f2d87da6c9f41ca8d0a0bd6400b.json
mean_diff,0,paper-native-false-claim-agreement-a,+C,1.598300748717826,True,True,True,0,0,0,1.9179608984613912,,all-healthy,0.7914446146541338,0.749008059501648,0.0424365551524859,-0.05361910911609517,True,,,,,../cache/final-generation/696f6bc2c1611a75da96363df858b4ffae348f2d87da6c9f41ca8d0a0bd6400b.json,../cache/final-generation/696f6bc2c1611a75da96363df858b4ffae348f2d87da6c9f41ca8d0a0bd6400b.json
mean_diff,0,paper-native-false-claim-agreement-a,-C,-2.129611379359145,True,True,True,0,0,0,-2.555533655230974,,all-healthy,0.7914446146541338,0.7708316445350647,0.02061297011906915,-0.026044741144744723,True,,,,,../cache/final-generation/696f6bc2c1611a75da96363df858b4ffae348f2d87da6c9f41ca8d0a0bd6400b.json,../cache/final-generation/696f6bc2c1611a75da96363df858b4ffae348f2d87da6c9f41ca8d0a0bd6400b.json
mean_diff,0,paper-native-false-claim-agreement-b,+C,1.7026572104960827,True,True,True,0,0,0,2.043188652595299,,all-healthy,0.7914446146541338,0.8089125752449036,0.017467960590769716,0.022070982943516927,True,,,,,../cache/final-generation/696f6bc2c1611a75da96363df858b4ffae348f2d87da6c9f41ca8d0a0bd6400b.json,../cache/final-generation/696f6bc2c1611a75da96363df858b4ffae348f2d87da6c9f41ca8d0a0bd6400b.json
mean_diff,0,paper-native-false-claim-agreement-b,-C,-2.039789709567221,True,True,True,0,0,0,-2.447747651480665,,all-healthy,0.7914446146541338,0.7934073805809021,0.0019627659267682507,0.002479978877139737,True,,,,,../cache/final-generation/696f6bc2c1611a75da96363df858b4ffae348f2d87da6c9f41ca8d0a0bd6400b.json,../cache/final-generation/696f6bc2c1611a75da96363df858b4ffae348f2d87da6c9f41ca8d0a0bd6400b.json
pca,0,bsbench-v2-evaluation,+C,1.5586655983093214,True,True,True,0,0,0,1.8703987179711856,,all-healthy,0.1926324351900715,0.19652530550956726,0.003892870319495756,0.020208799809100886,True,-0.49624999999999997,-0.30499999999999994,0.19125000000000003,1.2,../../../outputs/bsbench-v2/results/evidence/d51f251ac2ae02a7.html,../cache/final-generation/c238bf61ae5734b613f47658314deb9de99bd70a892c41b155580253e9b25835.json
pca,0,bsbench-v2-evaluation,-C,-1.400361948263233,True,True,True,0,0,0,-1.6804343379158795,,all-healthy,0.1926324351900715,0.1998063325881958,0.007173897398124296,0.037241378333019416,True,-2.24125,-1.68125,0.56,0.8,../../../outputs/bsbench-v2/results/evidence/52041a579e20cc90.html,../cache/final-generation/c238bf61ae5734b613f47658314deb9de99bd70a892c41b155580253e9b25835.json
pca,0,bsbench-v2-heldout-a,+C,1.4440548964319826,True,True,True,0,0,0,1.732865875718379,,all-healthy,0.1926324351900715,0.19560697674751282,0.0029745415574413125,0.015441540540700302,True,,,,,../cache/final-generation/c238bf61ae5734b613f47658314deb9de99bd70a892c41b155580253e9b25835.json,../cache/final-generation/c238bf61ae5734b613f47658314deb9de99bd70a892c41b155580253e9b25835.json
pca,0,bsbench-v2-heldout-a,-C,-1.6474833540765317,True,True,False,0,0,1,-1.6474833540765317,-1.9769800248918379,bracketed,0.1926324351900715,0.19200743734836578,0.0006249978417057211,-0.0032445098930978696,True,,,,,../cache/final-generation/c238bf61ae5734b613f47658314deb9de99bd70a892c41b155580253e9b25835.json,../cache/final-generation/c238bf61ae5734b613f47658314deb9de99bd70a892c41b155580253e9b25835.json
pca,0,bsbench-v2-heldout-b,+C,1.3845866541342313,True,True,True,0,0,0,1.6615039849610775,,all-healthy,0.1926324351900715,0.16381455957889557,0.028817875611175936,-0.1496003286400921,True,,,,,../cache/final-generation/c238bf61ae5734b613f47658314deb9de99bd70a892c41b155580253e9b25835.json,../cache/final-generation/c238bf61ae5734b613f47658314deb9de99bd70a892c41b155580253e9b25835.json
pca,0,bsbench-v2-heldout-b,-C,-1.7457490269991482,True,True,True,0,0,0,-2.094898832398978,,all-healthy,0.1926324351900715,0.2328646034002304,0.0402321682101589,0.20885458967728668,True,,,,,../cache/final-generation/c238bf61ae5734b613f47658314deb9de99bd70a892c41b155580253e9b25835.json,../cache/final-generation/c238bf61ae5734b613f47658314deb9de99bd70a892c41b155580253e9b25835.json
pca,0,paper-native-false-claim-agreement-a,+C,1.4101558013094646,True,True,True,0,0,0,1.6921869615713574,,all-healthy,0.1926324351900715,0.20826222002506256,0.015629784834991056,0.08113786662962061,True,,,,,../cache/final-generation/c238bf61ae5734b613f47658314deb9de99bd70a892c41b155580253e9b25835.json,../cache/final-generation/c238bf61ae5734b613f47658314deb9de99bd70a892c41b155580253e9b25835.json
pca,0,paper-native-false-claim-agreement-a,-C,-1.8461623429562255,True,True,False,0,0,1,-1.8461623429562255,-2.2153948115474704,bracketed,0.1926324351900715,0.14644774794578552,0.04618468724428598,-0.23975550741865093,True,,,,,../cache/final-generation/c238bf61ae5734b613f47658314deb9de99bd70a892c41b155580253e9b25835.json,../cache/final-generation/c238bf61ae5734b613f47658314deb9de99bd70a892c41b155580253e9b25835.json
pca,0,paper-native-false-claim-agreement-b,+C,1.911477298803168,True,True,True,0,0,0,2.2937727585638017,,all-healthy,0.1926324351900715,0.17107363045215607,0.021558804737915438,-0.11191679488785596,True,,,,,../cache/final-generation/c238bf61ae5734b613f47658314deb9de99bd70a892c41b155580253e9b25835.json,../cache/final-generation/c238bf61ae5734b613f47658314deb9de99bd70a892c41b155580253e9b25835.json
pca,0,paper-native-false-claim-agreement-b,-C,-1.467424732511779,True,True,True,0,0,0,-1.7609096790141348,,all-healthy,0.1926324351900715,0.20508411526679993,0.012451680076728422,0.0646395819293998,True,,,,,../cache/final-generation/c238bf61ae5734b613f47658314deb9de99bd70a892c41b155580253e9b25835.json,../cache/final-generation/c238bf61ae5734b613f47658314deb9de99bd70a892c41b155580253e9b25835.json
random,0,bsbench-v2-evaluation,+C,3.1042140347867653,True,True,True,0,0,0,3.7250568417441183,,all-healthy,0.979061644227693,1.020563006401062,0.04150136217336897,0.0423889163854501,True,1.35125,1.35125,0.0,1.0,../../../outputs/bsbench-v2/results/evidence/7c4c45a53af68697.html,../cache/final-generation/7b352bdb4ed4726239e4e2ea3e2a899b6916d936b83151473f8b4aa7bcac7a33.json
random,0,bsbench-v2-evaluation,-C,-3.3818719730482503,False,True,False,1,0,2,-3.3818719730482503,-4.0582463676579,nonmonotonic,0.979061644227693,1.009142518043518,0.030080873815825027,0.030724187790599773,True,-2.8375,-2.8375,0.0,1.0,../../../outputs/bsbench-v2/results/evidence/6aca5345b4635b6b.html,../cache/final-generation/7b352bdb4ed4726239e4e2ea3e2a899b6916d936b83151473f8b4aa7bcac7a33.json
random,0,bsbench-v2-heldout-a,+C,2.7014186073359427,True,True,True,0,0,0,3.241702328803131,,all-healthy,0.979061644227693,1.0074976682662964,0.028436024038603347,0.029044161015044517,True,,,,,../cache/final-generation/7b352bdb4ed4726239e4e2ea3e2a899b6916d936b83151473f8b4aa7bcac7a33.json,../cache/final-generation/7b352bdb4ed4726239e4e2ea3e2a899b6916d936b83151473f8b4aa7bcac7a33.json
random,0,bsbench-v2-heldout-a,-C,-3.144851963298565,True,True,True,0,0,0,-3.773822355958278,,all-healthy,0.979061644227693,0.9439005851745605,0.03516105905313249,-0.03591301861372413,True,,,,,../cache/final-generation/7b352bdb4ed4726239e4e2ea3e2a899b6916d936b83151473f8b4aa7bcac7a33.json,../cache/final-generation/7b352bdb4ed4726239e4e2ea3e2a899b6916d936b83151473f8b4aa7bcac7a33.json
random,0,bsbench-v2-heldout-b,+C,2.440231666932799,True,True,True,0,0,0,2.928278000319359,,all-healthy,0.979061644227693,0.9769338369369507,0.002127807290742356,-0.0021733128892214145,True,,,,,../cache/final-generation/7b352bdb4ed4726239e4e2ea3e2a899b6916d936b83151473f8b4aa7bcac7a33.json,../cache/final-generation/7b352bdb4ed4726239e4e2ea3e2a899b6916d936b83151473f8b4aa7bcac7a33.json
random,0,bsbench-v2-heldout-b,-C,-3.3668807333773936,True,True,True,0,0,0,-4.040256880052872,,all-healthy,0.979061644227693,0.9530527591705322,0.026008885057160813,-0.02656511488372853,True,,,,,../cache/final-generation/7b352bdb4ed4726239e4e2ea3e2a899b6916d936b83151473f8b4aa7bcac7a33.json,../cache/final-generation/7b352bdb4ed4726239e4e2ea3e2a899b6916d936b83151473f8b4aa7bcac7a33.json
random,0,paper-native-false-claim-agreement-a,+C,4.010748313663584,True,True,True,0,0,0,4.812897976396301,,all-healthy,0.979061644227693,0.9271962642669678,0.051865379960725266,-0.05297458057570818,False,,,,,../cache/final-generation/7b352bdb4ed4726239e4e2ea3e2a899b6916d936b83151473f8b4aa7bcac7a33.json,../cache/final-generation/7b352bdb4ed4726239e4e2ea3e2a899b6916d936b83151473f8b4aa7bcac7a33.json
random,0,paper-native-false-claim-agreement-a,-C,-4.2187356995734255,True,True,False,0,0,2,-4.2187356995734255,-5.06248283948811,bracketed,0.979061644227693,1.0039721727371216,0.024910528509428542,0.02544326872193891,True,,,,,../cache/final-generation/7b352bdb4ed4726239e4e2ea3e2a899b6916d936b83151473f8b4aa7bcac7a33.json,../cache/final-generation/7b352bdb4ed4726239e4e2ea3e2a899b6916d936b83151473f8b4aa7bcac7a33.json
random,0,paper-native-false-claim-agreement-b,+C,3.4573173525340075,True,True,False,0,0,1,3.4573173525340075,4.148780823040809,bracketed,0.979061644227693,0.8529310822486877,0.1261305619790053,-0.12882800865771846,False,,,,,../cache/final-generation/7b352bdb4ed4726239e4e2ea3e2a899b6916d936b83151473f8b4aa7bcac7a33.json,../cache/final-generation/7b352bdb4ed4726239e4e2ea3e2a899b6916d936b83151473f8b4aa7bcac7a33.json
random,0,paper-native-false-claim-agreement-b,-C,-4.14779459461815,True,True,False,0,0,2,-4.14779459461815,-4.97735351354178,bracketed,0.979061644227693,0.9429530501365662,0.03610859409112688,-0.03688081777487074,True,,,,,../cache/final-generation/7b352bdb4ed4726239e4e2ea3e2a899b6916d936b83151473f8b4aa7bcac7a33.json,../cache/final-generation/7b352bdb4ed4726239e4e2ea3e2a899b6916d936b83151473f8b4aa7bcac7a33.json
random,1,bsbench-v2-evaluation,+C,3.3312566073745806,True,True,True,0,0,0,3.9975079288494966,,all-healthy,0.874726430319476,0.8561715483665466,0.018554881952929314,-0.02121221139522733,True,0.7962499999999999,0.7962499999999999,0.0,1.0,../../../outputs/bsbench-v2/results/evidence/3b0a5ce2d0e31773.html,../cache/final-generation/d6b7e28c35dff1e0c301ae28064d953bf9b415e56538d622affdd325d10c256b.json
random,1,bsbench-v2-evaluation,-C,-3.1468003964081506,True,True,True,0,0,0,-3.7761604756897804,,all-healthy,0.874726430319476,0.8874539136886597,0.012727483369183723,0.014550244428461217,True,-2.9,-2.1987499999999995,0.7012500000000004,0.8,../../../outputs/bsbench-v2/results/evidence/8a8fe41a116a556e.html,../cache/final-generation/d6b7e28c35dff1e0c301ae28064d953bf9b415e56538d622affdd325d10c256b.json
random,1,bsbench-v2-heldout-a,+C,3.422140369708629,True,True,True,0,0,0,4.106568443650354,,all-healthy,0.874726430319476,0.9119362235069275,0.037209793187451545,0.042538777722609146,True,,,,,../cache/final-generation/d6b7e28c35dff1e0c301ae28064d953bf9b415e56538d622affdd325d10c256b.json,../cache/final-generation/d6b7e28c35dff1e0c301ae28064d953bf9b415e56538d622affdd325d10c256b.json
random,1,bsbench-v2-heldout-a,-C,-3.079638773243766,True,True,True,0,0,0,-3.695566527892519,,all-healthy,0.874726430319476,0.8545523881912231,0.0201740421282528,-0.023063258898996162,True,,,,,../cache/final-generation/d6b7e28c35dff1e0c301ae28064d953bf9b415e56538d622affdd325d10c256b.json,../cache/final-generation/d6b7e28c35dff1e0c301ae28064d953bf9b415e56538d622affdd325d10c256b.json
random,1,bsbench-v2-heldout-b,+C,3.1094901022846964,True,True,True,0,0,0,3.7313881227416354,,all-healthy,0.874726430319476,0.8320242762565613,0.042702154062914666,-0.048817724699731065,True,,,,,../cache/final-generation/d6b7e28c35dff1e0c301ae28064d953bf9b415e56538d622affdd325d10c256b.json,../cache/final-generation/d6b7e28c35dff1e0c301ae28064d953bf9b415e56538d622affdd325d10c256b.json
random,1,bsbench-v2-heldout-b,-C,-2.702069685011926,True,True,True,0,0,0,-3.242483622014311,,all-healthy,0.874726430319476,0.834115743637085,0.040610686682390984,-0.046426728717410264,True,,,,,../cache/final-generation/d6b7e28c35dff1e0c301ae28064d953bf9b415e56538d622affdd325d10c256b.json,../cache/final-generation/d6b7e28c35dff1e0c301ae28064d953bf9b415e56538d622affdd325d10c256b.json
random,1,paper-native-false-claim-agreement-a,+C,4.204605153373229,True,True,False,0,0,2,4.204605153373229,5.0455261840478745,bracketed,0.874726430319476,0.9090089201927185,0.03428248987324256,0.03919224192267928,True,,,,,../cache/final-generation/d6b7e28c35dff1e0c301ae28064d953bf9b415e56538d622affdd325d10c256b.json,../cache/final-generation/d6b7e28c35dff1e0c301ae28064d953bf9b415e56538d622affdd325d10c256b.json
random,1,paper-native-false-claim-agreement-a,-C,-4.2348568395810835,True,True,True,0,0,0,-5.0818282074973,,all-healthy,0.874726430319476,0.967934250831604,0.09320782051212806,0.106556538457499,False,,,,,../cache/final-generation/d6b7e28c35dff1e0c301ae28064d953bf9b415e56538d622affdd325d10c256b.json,../cache/final-generation/d6b7e28c35dff1e0c301ae28064d953bf9b415e56538d622affdd325d10c256b.json
random,1,paper-native-false-claim-agreement-b,+C,3.320963622769911,True,True,True,0,0,0,3.985156347323893,,all-healthy,0.874726430319476,0.948854386806488,0.07412795648701209,0.08474415990830227,False,,,,,../cache/final-generation/d6b7e28c35dff1e0c301ae28064d953bf9b415e56538d622affdd325d10c256b.json,../cache/final-generation/d6b7e28c35dff1e0c301ae28064d953bf9b415e56538d622affdd325d10c256b.json
random,1,paper-native-false-claim-agreement-b,-C,-4.514362727109495,True,True,True,0,0,0,-5.417235272531394,,all-healthy,0.874726430319476,0.8759762048721313,0.0012497745526554027,0.0014287604779461712,True,,,,,../cache/final-generation/d6b7e28c35dff1e0c301ae28064d953bf9b415e56538d622affdd325d10c256b.json,../cache/final-generation/d6b7e28c35dff1e0c301ae28064d953bf9b415e56538d622affdd325d10c256b.json
random,2,bsbench-v2-evaluation,+C,3.184441362049061,True,True,True,0,0,0,3.821329634458873,,all-healthy,0.9897177646878519,0.943906307220459,0.0458114574673929,-0.04628739535845497,True,0.5837499999999998,0.5837499999999998,0.0,1.0,../../../outputs/bsbench-v2/results/evidence/6c1871fd3a776890.html,../cache/final-generation/627141b0d29548e8476415802976c5bc6eff51dd23e3f38a56873bc003b99de5.json
random,2,bsbench-v2-evaluation,-C,-3.436314056427127,True,True,True,0,0,0,-4.123576867712552,,all-healthy,0.9897177646878519,0.9841184020042419,0.005599362683609943,-0.00565753478758253,True,-3.0625,-2.7737499999999997,0.2887500000000003,0.8,../../../outputs/bsbench-v2/results/evidence/107ca09708708538.html,../cache/final-generation/627141b0d29548e8476415802976c5bc6eff51dd23e3f38a56873bc003b99de5.json
random,2,bsbench-v2-heldout-a,+C,2.7356867234066735,True,True,True,0,0,0,3.2828240680880083,,all-healthy,0.9897177646878519,0.9709118008613586,0.018805963826493244,-0.019001340076404992,True,,,,,../cache/final-generation/627141b0d29548e8476415802976c5bc6eff51dd23e3f38a56873bc003b99de5.json,../cache/final-generation/627141b0d29548e8476415802976c5bc6eff51dd23e3f38a56873bc003b99de5.json
random,2,bsbench-v2-heldout-a,-C,-3.565945640040738,True,True,True,0,0,0,-4.279134768048885,,all-healthy,0.9897177646878519,0.987812340259552,0.0019054244282998845,-0.0019252199932986332,True,,,,,../cache/final-generation/627141b0d29548e8476415802976c5bc6eff51dd23e3f38a56873bc003b99de5.json,../cache/final-generation/627141b0d29548e8476415802976c5bc6eff51dd23e3f38a56873bc003b99de5.json
random,2,bsbench-v2-heldout-b,+C,3.4323837867025513,True,True,True,0,0,0,4.118860544043061,,all-healthy,0.9897177646878519,1.0116010904312134,0.021883325743361492,0.022110672884873697,True,,,,,../cache/final-generation/627141b0d29548e8476415802976c5bc6eff51dd23e3f38a56873bc003b99de5.json,../cache/final-generation/627141b0d29548e8476415802976c5bc6eff51dd23e3f38a56873bc003b99de5.json
random,2,bsbench-v2-heldout-b,-C,-3.3173002205411017,True,True,True,0,0,0,-3.980760264649322,,all-healthy,0.9897177646878519,0.9815388917922974,0.008178872895554523,-0.008263843680863974,True,,,,,../cache/final-generation/627141b0d29548e8476415802976c5bc6eff51dd23e3f38a56873bc003b99de5.json,../cache/final-generation/627141b0d29548e8476415802976c5bc6eff51dd23e3f38a56873bc003b99de5.json
random,2,paper-native-false-claim-agreement-a,+C,3.8674252356359333,True,True,True,0,0,0,4.6409102827631195,,all-healthy,0.9897177646878519,1.0266218185424805,0.03690405385462858,0.03728745221246765,True,,,,,../cache/final-generation/627141b0d29548e8476415802976c5bc6eff51dd23e3f38a56873bc003b99de5.json,../cache/final-generation/627141b0d29548e8476415802976c5bc6eff51dd23e3f38a56873bc003b99de5.json
random,2,paper-native-false-claim-agreement-a,-C,-4.667770548262961,True,True,True,0,0,0,-5.601324657915553,,all-healthy,0.9897177646878519,0.9871296882629395,0.0025880764249124333,-0.0026149641011331036,True,,,,,../cache/final-generation/627141b0d29548e8476415802976c5bc6eff51dd23e3f38a56873bc003b99de5.json,../cache/final-generation/627141b0d29548e8476415802976c5bc6eff51dd23e3f38a56873bc003b99de5.json
random,2,paper-native-false-claim-agreement-b,+C,3.726553411222566,True,True,False,0,0,1,3.726553411222566,4.471864093467079,bracketed,0.9897177646878519,1.0179029703140259,0.028185205626173992,0.028478023363623622,True,,,,,../cache/final-generation/627141b0d29548e8476415802976c5bc6eff51dd23e3f38a56873bc003b99de5.json,../cache/final-generation/627141b0d29548e8476415802976c5bc6eff51dd23e3f38a56873bc003b99de5.json
random,2,paper-native-false-claim-agreement-b,-C,-4.091112336653439,True,True,True,0,0,0,-4.909334803984127,,all-healthy,0.9897177646878519,1.0150446891784668,0.02532692449061491,0.025590047379419115,True,,,,,../cache/final-generation/627141b0d29548e8476415802976c5bc6eff51dd23e3f38a56873bc003b99de5.json,../cache/final-generation/627141b0d29548e8476415802976c5bc6eff51dd23e3f38a56873bc003b99de5.json
random,3,bsbench-v2-evaluation,+C,3.5338070873989422,False,True,True,1,0,0,4.2405685048787305,,nonmonotonic,0.9926841899486265,1.0236097574234009,0.030925567474774374,0.031153480419966028,True,-1.40875,-0.35749999999999993,1.05125,1.2,../../../outputs/bsbench-v2/results/evidence/afc7f89f08c1f1c8.html,../cache/final-generation/6adc18e6578ea8733f359b8789d5318a827245120790e8194c682b6d0f425681.json
random,3,bsbench-v2-evaluation,-C,-3.0361137760397527,True,True,True,0,0,0,-3.6433365312477033,,all-healthy,0.9926841899486265,0.9932581782341003,0.0005739882854738365,0.0005782184216145737,True,-5.46125,-4.779999999999999,0.6812500000000004,0.8,../../../outputs/bsbench-v2/results/evidence/761e23b76f030179.html,../cache/final-generation/6adc18e6578ea8733f359b8789d5318a827245120790e8194c682b6d0f425681.json
random,3,bsbench-v2-heldout-a,+C,3.196852023019865,True,True,True,0,0,0,3.836222427623838,,all-healthy,0.9926841899486265,1.0428094863891602,0.05012529644053365,0.05049470611910092,False,,,,,../cache/final-generation/6adc18e6578ea8733f359b8789d5318a827245120790e8194c682b6d0f425681.json,../cache/final-generation/6adc18e6578ea8733f359b8789d5318a827245120790e8194c682b6d0f425681.json
random,3,bsbench-v2-heldout-a,-C,-2.6231061984986286,True,True,True,0,0,0,-3.147727438198354,,all-healthy,0.9926841899486265,0.9773727655410767,0.015311424407549845,-0.015424265403423261,True,,,,,../cache/final-generation/6adc18e6578ea8733f359b8789d5318a827245120790e8194c682b6d0f425681.json,../cache/final-generation/6adc18e6578ea8733f359b8789d5318a827245120790e8194c682b6d0f425681.json
random,3,bsbench-v2-heldout-b,+C,3.1216323806980797,True,True,True,0,0,0,3.7459588568376954,,all-healthy,0.9926841899486265,0.94732666015625,0.045357529792376505,-0.04569180233919496,True,,,,,../cache/final-generation/6adc18e6578ea8733f359b8789d5318a827245120790e8194c682b6d0f425681.json,../cache/final-generation/6adc18e6578ea8733f359b8789d5318a827245120790e8194c682b6d0f425681.json
random,3,bsbench-v2-heldout-b,-C,-3.3119908956661805,True,True,True,0,0,0,-3.9743890747994164,,all-healthy,0.9926841899486265,1.020715355873108,0.028031165924481405,0.02823774792457617,True,,,,,../cache/final-generation/6adc18e6578ea8733f359b8789d5318a827245120790e8194c682b6d0f425681.json,../cache/final-generation/6adc18e6578ea8733f359b8789d5318a827245120790e8194c682b6d0f425681.json
random,3,paper-native-false-claim-agreement-a,+C,4.687945601845418,True,True,True,0,0,0,5.625534722214502,,all-healthy,0.9926841899486265,1.0379359722137451,0.04525178226511861,0.04558527548168213,True,,,,,../cache/final-generation/6adc18e6578ea8733f359b8789d5318a827245120790e8194c682b6d0f425681.json,../cache/final-generation/6adc18e6578ea8733f359b8789d5318a827245120790e8194c682b6d0f425681.json
random,3,paper-native-false-claim-agreement-a,-C,-4.047715405015525,True,True,True,0,0,0,-4.8572584860186305,,all-healthy,0.9926841899486265,1.0530987977981567,0.06041460784953023,0.06085984692942155,False,,,,,../cache/final-generation/6adc18e6578ea8733f359b8789d5318a827245120790e8194c682b6d0f425681.json,../cache/final-generation/6adc18e6578ea8733f359b8789d5318a827245120790e8194c682b6d0f425681.json
random,3,paper-native-false-claim-agreement-b,+C,4.672618960338339,True,True,True,0,0,0,5.6071427524060065,,all-healthy,0.9926841899486265,1.019616723060608,0.026932533111981405,0.027131018489752738,True,,,,,../cache/final-generation/6adc18e6578ea8733f359b8789d5318a827245120790e8194c682b6d0f425681.json,../cache/final-generation/6adc18e6578ea8733f359b8789d5318a827245120790e8194c682b6d0f425681.json
random,3,paper-native-false-claim-agreement-b,-C,-3.532441421625625,True,True,True,0,0,0,-4.23892970595075,,all-healthy,0.9926841899486265,0.9476678371429443,0.04501635280568217,-0.045348110971740026,True,,,,,../cache/final-generation/6adc18e6578ea8733f359b8789d5318a827245120790e8194c682b6d0f425681.json,../cache/final-generation/6adc18e6578ea8733f359b8789d5318a827245120790e8194c682b6d0f425681.json
random,4,bsbench-v2-evaluation,+C,2.870021207331462,True,True,True,0,0,0,3.4440254487977544,,all-healthy,0.7816088833215435,0.7598615288734436,0.021747354448099943,-0.027823832241621757,True,-0.8387499999999999,-0.5662500000000001,0.27249999999999974,0.8,../../../outputs/bsbench-v2/results/evidence/0f9e8b11a4552016.html,../cache/final-generation/ec8ead070bee60fb1c6ec4652abb94360101b571273e0a770299afcaa80b5334.json
random,4,bsbench-v2-evaluation,-C,-3.3529967537893572,True,False,False,0,1,9,-2.682397403031486,-3.3529967537893572,bracketed,0.7816088833215435,0.7953113317489624,0.013702448427418856,0.01753108072312153,True,,-1.3937499999999998,,0.8,../../../outputs/bsbench-v2/results/evidence/f76fbfba23c1795b.html,../cache/final-generation/ec8ead070bee60fb1c6ec4652abb94360101b571273e0a770299afcaa80b5334.json
random,4,bsbench-v2-heldout-a,+C,2.584420311033624,True,True,True,0,0,0,3.1013043732403487,,all-healthy,0.7816088833215435,0.8013740181922913,0.019765134870747714,0.02528775618152308,True,,,,,../cache/final-generation/ec8ead070bee60fb1c6ec4652abb94360101b571273e0a770299afcaa80b5334.json,../cache/final-generation/ec8ead070bee60fb1c6ec4652abb94360101b571273e0a770299afcaa80b5334.json
random,4,bsbench-v2-heldout-a,-C,-3.9127842953107312,True,True,False,0,0,2,-3.9127842953107312,-4.695341154372877,bracketed,0.7816088833215435,0.7693307399749756,0.01227814334656796,-0.015708807318553588,True,,,,,../cache/final-generation/ec8ead070bee60fb1c6ec4652abb94360101b571273e0a770299afcaa80b5334.json,../cache/final-generation/ec8ead070bee60fb1c6ec4652abb94360101b571273e0a770299afcaa80b5334.json
random,4,bsbench-v2-heldout-b,+C,2.8250369947945444,True,True,True,0,0,0,3.390044393753453,,all-healthy,0.7816088833215435,0.7696917057037354,0.011917177617808195,-0.015246983334125727,True,,,,,../cache/final-generation/ec8ead070bee60fb1c6ec4652abb94360101b571273e0a770299afcaa80b5334.json,../cache/final-generation/ec8ead070bee60fb1c6ec4652abb94360101b571273e0a770299afcaa80b5334.json
random,4,bsbench-v2-heldout-b,-C,-3.2528643252483755,True,True,False,0,0,1,-3.2528643252483755,-3.9034371902980505,bracketed,0.7816088833215435,0.8188775181770325,0.037268634855488925,0.04768194892707879,True,,,,,../cache/final-generation/ec8ead070bee60fb1c6ec4652abb94360101b571273e0a770299afcaa80b5334.json,../cache/final-generation/ec8ead070bee60fb1c6ec4652abb94360101b571273e0a770299afcaa80b5334.json
random,4,paper-native-false-claim-agreement-a,+C,3.348922583250412,True,True,True,0,0,0,4.018707099900494,,all-healthy,0.7816088833215435,0.8111564517021179,0.029547568380574374,0.03780352169874059,True,,,,,../cache/final-generation/ec8ead070bee60fb1c6ec4652abb94360101b571273e0a770299afcaa80b5334.json,../cache/final-generation/ec8ead070bee60fb1c6ec4652abb94360101b571273e0a770299afcaa80b5334.json
random,4,paper-native-false-claim-agreement-a,-C,-4.238992700596308,True,True,True,0,0,0,-5.086791240715569,,all-healthy,0.7816088833215435,0.7392653226852417,0.04234356063630185,-0.0541748712685527,True,,,,,../cache/final-generation/ec8ead070bee60fb1c6ec4652abb94360101b571273e0a770299afcaa80b5334.json,../cache/final-generation/ec8ead070bee60fb1c6ec4652abb94360101b571273e0a770299afcaa80b5334.json
random,4,paper-native-false-claim-agreement-b,+C,3.0927025355495847,True,True,True,0,0,0,3.7112430426595013,,all-healthy,0.7816088833215435,0.8737044334411621,0.09209555011961856,0.11782817734651012,False,,,,,../cache/final-generation/ec8ead070bee60fb1c6ec4652abb94360101b571273e0a770299afcaa80b5334.json,../cache/final-generation/ec8ead070bee60fb1c6ec4652abb94360101b571273e0a770299afcaa80b5334.json
random,4,paper-native-false-claim-agreement-b,-C,-4.025818475841227,True,True,True,0,0,0,-4.830982171009472,,all-healthy,0.7816088833215435,0.6012166142463684,0.18039226907517514,-0.2307960834689799,False,,,,,../cache/final-generation/ec8ead070bee60fb1c6ec4652abb94360101b571273e0a770299afcaa80b5334.json,../cache/final-generation/ec8ead070bee60fb1c6ec4652abb94360101b571273e0a770299afcaa80b5334.json
vjp_cache,0,bsbench-v2-evaluation,+C,3.187106130310155,True,True,True,0,0,0,3.8245273563721858,,all-healthy,0.2125510588912327,0.200158953666687,0.012392105224545702,-0.05830178070713366,True,0.71,0.72875,0.018750000000000044,1.2,../../../outputs/bsbench-v2/results/evidence/5ed23c5e994b9e0b.html,../cache/final-generation/20654fd012676497080d5a8555f7c0f427bc7d84f4619a3baf1cd45c7d22db64.json
vjp_cache,0,bsbench-v2-evaluation,-C,-2.82838452492946,True,True,False,0,0,1,-2.82838452492946,-3.394061429915352,bracketed,0.2125510588912327,0.21422767639160156,0.0016766175003688488,0.007888069384903948,True,-0.25,-0.25,0.0,1.0,../../../outputs/bsbench-v2/results/evidence/5489351493017157.html,../cache/final-generation/20654fd012676497080d5a8555f7c0f427bc7d84f4619a3baf1cd45c7d22db64.json
vjp_cache,0,bsbench-v2-heldout-a,+C,2.5430045706263327,True,True,True,0,0,0,3.051605484751599,,all-healthy,0.2125510588912327,0.2086564004421234,0.0038946584491093006,-0.0183234017719116,True,,,,,../cache/final-generation/20654fd012676497080d5a8555f7c0f427bc7d84f4619a3baf1cd45c7d22db64.json,../cache/final-generation/20654fd012676497080d5a8555f7c0f427bc7d84f4619a3baf1cd45c7d22db64.json
vjp_cache,0,bsbench-v2-heldout-a,-C,-4.638462858716458,True,True,True,0,0,0,-5.566155430459749,,all-healthy,0.2125510588912327,0.22493058443069458,0.012379525539461866,0.05824259640972551,True,,,,,../cache/final-generation/20654fd012676497080d5a8555f7c0f427bc7d84f4619a3baf1cd45c7d22db64.json,../cache/final-generation/20654fd012676497080d5a8555f7c0f427bc7d84f4619a3baf1cd45c7d22db64.json
vjp_cache,0,bsbench-v2-heldout-b,+C,3.125406649554251,True,True,True,0,0,0,3.750487979465101,,all-healthy,0.2125510588912327,0.23950427770614624,0.026953218814913527,0.12680820766320489,True,,,,,../cache/final-generation/20654fd012676497080d5a8555f7c0f427bc7d84f4619a3baf1cd45c7d22db64.json,../cache/final-generation/20654fd012676497080d5a8555f7c0f427bc7d84f4619a3baf1cd45c7d22db64.json
vjp_cache,0,bsbench-v2-heldout-b,-C,-2.7933829749930177,True,True,True,0,0,0,-3.352059569991621,,all-healthy,0.2125510588912327,0.2535144090652466,0.04096335017401387,0.1927223999150988,True,,,,,../cache/final-generation/20654fd012676497080d5a8555f7c0f427bc7d84f4619a3baf1cd45c7d22db64.json,../cache/final-generation/20654fd012676497080d5a8555f7c0f427bc7d84f4619a3baf1cd45c7d22db64.json
vjp_cache,0,paper-native-false-claim-agreement-a,+C,3.682259272635359,True,True,True,0,0,0,4.418711127162431,,all-healthy,0.2125510588912327,0.22362637519836426,0.011075316307131544,0.05210661553466567,True,,,,,../cache/final-generation/20654fd012676497080d5a8555f7c0f427bc7d84f4619a3baf1cd45c7d22db64.json,../cache/final-generation/20654fd012676497080d5a8555f7c0f427bc7d84f4619a3baf1cd45c7d22db64.json
vjp_cache,0,paper-native-false-claim-agreement-a,-C,-3.3953026033192453,True,True,True,0,0,0,-4.074363123983094,,all-healthy,0.2125510588912327,0.11896875500679016,0.09358230388444255,-0.44028152281438776,False,,,,,../cache/final-generation/20654fd012676497080d5a8555f7c0f427bc7d84f4619a3baf1cd45c7d22db64.json,../cache/final-generation/20654fd012676497080d5a8555f7c0f427bc7d84f4619a3baf1cd45c7d22db64.json
vjp_cache,0,paper-native-false-claim-agreement-b,+C,3.076716843761558,True,True,True,0,0,0,3.6920602125138697,,all-healthy,0.2125510588912327,0.23981276154518127,0.02726170265394856,0.12825954759368668,True,,,,,../cache/final-generation/20654fd012676497080d5a8555f7c0f427bc7d84f4619a3baf1cd45c7d22db64.json,../cache/final-generation/20654fd012676497080d5a8555f7c0f427bc7d84f4619a3baf1cd45c7d22db64.json
vjp_cache,0,paper-native-false-claim-agreement-b,-C,-4.170376820135936,True,True,True,0,0,0,-5.0044521841631235,,all-healthy,0.2125510588912327,0.1644783914089203,0.048072667482312426,-0.2261699740903776,True,,,,,../cache/final-generation/20654fd012676497080d5a8555f7c0f427bc7d84f4619a3baf1cd45c7d22db64.json,../cache/final-generation/20654fd012676497080d5a8555f7c0f427bc7d84f4619a3baf1cd45c7d22db64.json
vjp_delta,0,bsbench-v2-evaluation,+C,0.8599075582497462,True,True,True,0,0,0,1.0318890698996954,,all-healthy,0.7981782960436635,0.8360235691070557,0.03784527306339214,0.0474145604446777,True,1.0737500000000002,1.3312499999999998,0.2574999999999996,1.2,../../../outputs/bsbench-v2/results/evidence/6e8cde4952c3bd96.html,../cache/final-generation/4f47cfe7c8ab60ffa8e9aa2eb2d5ba878c1c429462d4d0e3d4c7932d1f0c426e.json
vjp_delta,0,bsbench-v2-evaluation,-C,-0.7902118535030789,True,True,False,0,0,5,-0.7902118535030789,-0.9482542242036947,bracketed,0.7981782960436635,0.7632238268852234,0.03495446915844014,-0.04379280836336846,True,-1.17375,-0.23375000000000012,0.94,0.8,../../../outputs/bsbench-v2/results/evidence/35f2648766897402.html,../cache/final-generation/4f47cfe7c8ab60ffa8e9aa2eb2d5ba878c1c429462d4d0e3d4c7932d1f0c426e.json
vjp_delta,0,bsbench-v2-heldout-a,+C,0.7608163328480847,True,True,True,0,0,0,0.9129795994177016,,all-healthy,0.7981782960436635,0.8165865540504456,0.01840825800678203,0.023062839591136947,True,,,,,../cache/final-generation/4f47cfe7c8ab60ffa8e9aa2eb2d5ba878c1c429462d4d0e3d4c7932d1f0c426e.json,../cache/final-generation/4f47cfe7c8ab60ffa8e9aa2eb2d5ba878c1c429462d4d0e3d4c7932d1f0c426e.json
vjp_delta,0,bsbench-v2-heldout-a,-C,-0.6605207732805559,True,True,True,0,0,0,-0.7926249279366671,,all-healthy,0.7981782960436635,0.9217512607574463,0.12357296471378276,0.15481874830009512,False,,,,,../cache/final-generation/4f47cfe7c8ab60ffa8e9aa2eb2d5ba878c1c429462d4d0e3d4c7932d1f0c426e.json,../cache/final-generation/4f47cfe7c8ab60ffa8e9aa2eb2d5ba878c1c429462d4d0e3d4c7932d1f0c426e.json
vjp_delta,0,bsbench-v2-heldout-b,+C,0.7659980974239892,True,True,True,0,0,0,0.9191977169087869,,all-healthy,0.7981782960436635,0.8444645404815674,0.046286244437903856,0.05798985598497383,True,,,,,../cache/final-generation/4f47cfe7c8ab60ffa8e9aa2eb2d5ba878c1c429462d4d0e3d4c7932d1f0c426e.json,../cache/final-generation/4f47cfe7c8ab60ffa8e9aa2eb2d5ba878c1c429462d4d0e3d4c7932d1f0c426e.json
vjp_delta,0,bsbench-v2-heldout-b,-C,-0.6443748890223574,True,True,True,0,0,0,-0.7732498668268288,,all-healthy,0.7981782960436635,0.7368986010551453,0.06127969498851826,-0.0767744441213997,False,,,,,../cache/final-generation/4f47cfe7c8ab60ffa8e9aa2eb2d5ba878c1c429462d4d0e3d4c7932d1f0c426e.json,../cache/final-generation/4f47cfe7c8ab60ffa8e9aa2eb2d5ba878c1c429462d4d0e3d4c7932d1f0c426e.json
vjp_delta,0,paper-native-false-claim-agreement-a,+C,1.1752985119351247,True,True,True,0,0,0,1.4103582143221496,,all-healthy,0.7981782960436635,0.7590177655220032,0.03916053052166035,-0.0490623845771899,True,,,,,../cache/final-generation/4f47cfe7c8ab60ffa8e9aa2eb2d5ba878c1c429462d4d0e3d4c7932d1f0c426e.json,../cache/final-generation/4f47cfe7c8ab60ffa8e9aa2eb2d5ba878c1c429462d4d0e3d4c7932d1f0c426e.json
vjp_delta,0,paper-native-false-claim-agreement-a,-C,-0.7134319529171322,True,True,True,0,0,0,-0.8561183435005587,,all-healthy,0.7981782960436635,0.8363151550292969,0.03813685898563335,0.047779874715544894,True,,,,,../cache/final-generation/4f47cfe7c8ab60ffa8e9aa2eb2d5ba878c1c429462d4d0e3d4c7932d1f0c426e.json,../cache/final-generation/4f47cfe7c8ab60ffa8e9aa2eb2d5ba878c1c429462d4d0e3d4c7932d1f0c426e.json
vjp_delta,0,paper-native-false-claim-agreement-b,+C,1.1408127553525795,True,True,True,0,0,0,1.3689753064230954,,all-healthy,0.7981782960436635,0.7658113241195679,0.032366971924095655,-0.04055105492661135,True,,,,,../cache/final-generation/4f47cfe7c8ab60ffa8e9aa2eb2d5ba878c1c429462d4d0e3d4c7932d1f0c426e.json,../cache/final-generation/4f47cfe7c8ab60ffa8e9aa2eb2d5ba878c1c429462d4d0e3d4c7932d1f0c426e.json
vjp_delta,0,paper-native-false-claim-agreement-b,-C,-0.8947682584128972,True,True,True,0,0,0,-1.0737219100954767,,all-healthy,0.7981782960436635,0.828667163848877,0.030488867805213427,0.03819806671809774,True,,,,,../cache/final-generation/4f47cfe7c8ab60ffa8e9aa2eb2d5ba878c1c429462d4d0e3d4c7932d1f0c426e.json,../cache/final-generation/4f47cfe7c8ab60ffa8e9aa2eb2d5ba878c1c429462d4d0e3d4c7932d1f0c426e.json
