method,seed,side,healthy,measured,best_healthy_candidate_magnitude,best_healthy_candidate_score,source
kv_cache_gram,0,+C,5,5,0.4,-1.7875,../cache/candidate-judgments/956a478dd479bbde948776dd5680bfbbdd1e6efa72c13262f5a050626877079e.json
kv_cache_gram,0,-C,4,5,0.2,-0.15000000000000002,../cache/candidate-judgments/956a478dd479bbde948776dd5680bfbbdd1e6efa72c13262f5a050626877079e.json
mean_diff,0,+C,5,6,0.4,-0.78125,../cache/candidate-judgments/c674dcb3653e276ce1850a708b0108f8c7e79e6ea23d2488c029ec8c6983cbdc.json
mean_diff,0,-C,5,6,1.6,-0.006250000000000089,../cache/candidate-judgments/c674dcb3653e276ce1850a708b0108f8c7e79e6ea23d2488c029ec8c6983cbdc.json
pca,0,+C,6,6,0.4,-0.13124999999999995,../cache/candidate-judgments/52afe87eabea76961f0bff8bc5d87b32a3a5f06fc8d1798a0d458d202baa6578.json
pca,0,-C,5,6,0.1,-0.1250000000000001,../cache/candidate-judgments/52afe87eabea76961f0bff8bc5d87b32a3a5f06fc8d1798a0d458d202baa6578.json
random,0,+C,6,7,1.6,0.7875000000000003,../cache/candidate-judgments/494054a43c4be449db2e7a66b30fc8ce74d07e8e0c7c0ccf2d613f3e45d3ab21.json
random,0,-C,6,7,0.1,-0.1375,../cache/candidate-judgments/494054a43c4be449db2e7a66b30fc8ce74d07e8e0c7c0ccf2d613f3e45d3ab21.json
random,1,+C,7,7,1.6,0.7562500000000001,../cache/candidate-judgments/19a7a5cc7de127049ff67fda05bbf0287181ec7b7793cb7c3365c6069d4822c3.json
random,1,-C,6,7,1.6,0.08749999999999991,../cache/candidate-judgments/19a7a5cc7de127049ff67fda05bbf0287181ec7b7793cb7c3365c6069d4822c3.json
random,2,+C,6,7,3.2,0.7437500000000001,../cache/candidate-judgments/8597267e44c86fd51d2a70237d30f01c5fbda895b1b45b0109bd1f02b1f95c44.json
random,2,-C,6,7,1.6,-0.13749999999999996,../cache/candidate-judgments/8597267e44c86fd51d2a70237d30f01c5fbda895b1b45b0109bd1f02b1f95c44.json
random,3,+C,7,7,0.1,-0.96875,../cache/candidate-judgments/6080760fd7f9498e59defb259197d3eccfdb4b4a0885a1a4e8399e96a1904ae9.json
random,3,-C,6,7,0.8,-0.14375,../cache/candidate-judgments/6080760fd7f9498e59defb259197d3eccfdb4b4a0885a1a4e8399e96a1904ae9.json
random,4,+C,6,7,1.6,-0.04375000000000018,../cache/candidate-judgments/6a432383b7d9a7522a8d13e9acb26e7a9521e9a00e6ae348f5cf4f8e611fdc43.json
random,4,-C,6,7,1.6,0.5562500000000001,../cache/candidate-judgments/6a432383b7d9a7522a8d13e9acb26e7a9521e9a00e6ae348f5cf4f8e611fdc43.json
vjp_cache,0,+C,7,7,3.2,0.6875000000000002,../cache/candidate-judgments/e8a3042bd35665c1951d8be264c5a6669b8e1954cc2d3c681c3ae2457cba9feb.json
vjp_cache,0,-C,6,7,3.2,0.43125000000000036,../cache/candidate-judgments/e8a3042bd35665c1951d8be264c5a6669b8e1954cc2d3c681c3ae2457cba9feb.json
vjp_delta,0,+C,4,5,0.8,1.31875,../cache/candidate-judgments/3e2f6713ec0693434c36b06e949467062e271ea3f7c8008755b26cd8a43e71af.json
vjp_delta,0,-C,4,5,0.1,-0.13124999999999987,../cache/candidate-judgments/3e2f6713ec0693434c36b06e949467062e271ea3f7c8008755b26cd8a43e71af.json
