method,seed,side,old_health,cohort_health,old_boundary,cohort_boundary,old_best_multiplier,cohort_best_multiplier,old_best_score,cohort_best_score,delta_score,old_best_id,cohort_best_id,old_eligible,cohort_eligible
kv_cache_gram,0,+C,HHH,HHH,all-healthy,all-healthy,0.8,0.8,-1.06125,-1.06125,0.0,f0a78432d6e1e840,f0a78432d6e1e840,3,3
kv_cache_gram,0,-C,HHF,HHH,bracketed,all-healthy,0.8,0.8,-1.6975,-1.6975,0.0,610ef725c7712b03,610ef725c7712b03,2,3
mean_diff,0,+C,HHF,HHH,bracketed,all-healthy,1.0,1.0,-0.28249999999999975,-0.28249999999999975,0.0,01c3dad8fdefa633,01c3dad8fdefa633,2,3
mean_diff,0,-C,HHH,HHH,all-healthy,all-healthy,0.8,0.8,-1.59625,-1.59625,0.0,552c466a5b2db217,552c466a5b2db217,3,3
pca,0,+C,HHH,HHH,all-healthy,all-healthy,1.2,1.2,-0.30499999999999994,-0.30499999999999994,0.0,dc3d82f612e70d9b,dc3d82f612e70d9b,3,3
pca,0,-C,HHH,HHH,all-healthy,all-healthy,0.8,0.8,-1.68125,-1.68125,0.0,bf064ccf0ed6ba76,bf064ccf0ed6ba76,3,3
random,0,+C,HHH,HHH,all-healthy,all-healthy,1.0,1.0,1.35125,1.35125,0.0,7c4c45a53af68697,7c4c45a53af68697,3,3
random,0,-C,FHF,HHH,nonmonotonic,all-healthy,1.0,1.0,-2.8375,-2.8375,0.0,6aca5345b4635b6b,6aca5345b4635b6b,1,3
random,1,+C,HHH,HHH,all-healthy,all-healthy,1.0,1.0,0.7962499999999999,0.7962499999999999,0.0,3b0a5ce2d0e31773,3b0a5ce2d0e31773,3,3
random,1,-C,HHH,HHH,all-healthy,all-healthy,0.8,0.8,-2.1987499999999995,-2.1987499999999995,0.0,1b8c66656894d8ec,1b8c66656894d8ec,3,3
random,2,+C,HHH,HHH,all-healthy,all-healthy,1.0,1.0,0.5837499999999998,0.5837499999999998,0.0,6c1871fd3a776890,6c1871fd3a776890,3,3
random,2,-C,HHH,HHH,all-healthy,all-healthy,0.8,0.8,-2.7737499999999997,-2.7737499999999997,0.0,597c7cd4b93e4137,597c7cd4b93e4137,3,3
random,3,+C,FHH,HHH,nonmonotonic,all-healthy,1.2,1.2,-0.35749999999999993,-0.35749999999999993,0.0,b859827b4823eed1,b859827b4823eed1,2,3
random,3,-C,HHH,HHH,all-healthy,all-healthy,0.8,0.8,-4.779999999999999,-4.779999999999999,0.0,9bc526ea3c116a4a,9bc526ea3c116a4a,3,3
random,4,+C,HHH,HHH,all-healthy,all-healthy,0.8,0.8,-0.5662500000000001,-0.5662500000000001,0.0,41fee9ecc4d7ee57,41fee9ecc4d7ee57,3,3
random,4,-C,HFF,HHF,bracketed,bracketed,0.8,0.8,-1.3937499999999998,-1.3937499999999998,0.0,f343911968edd1bc,f343911968edd1bc,1,2
vjp_cache,0,+C,HHH,HHH,all-healthy,all-healthy,1.2,1.2,0.72875,0.72875,0.0,988c571f9697b933,988c571f9697b933,3,3
vjp_cache,0,-C,HHF,HHH,bracketed,all-healthy,1.0,1.2,-0.25,-0.10000000000000009,0.1499999999999999,5489351493017157,fa631b39c0ea779c,2,3
vjp_delta,0,+C,HHH,HHH,all-healthy,all-healthy,1.2,1.2,1.3312499999999998,1.3312499999999998,0.0,b4a748b7754f1d33,b4a748b7754f1d33,3,3
vjp_delta,0,-C,HHF,HHH,bracketed,all-healthy,0.8,0.8,-0.23375000000000012,-0.23375000000000012,0.0,4b45fefaf81c03e8,4b45fefaf81c03e8,2,3
