method,random_seed,side,multiplier,magnitude,dose_score,directed_intended_effect,absolute_off_axis_change,health_flags,eligible_doses,final_doses_per_side,evidence
random,0,+C,1.0,3.104214034787,1.35125,2.63125,0.32,0,3,3,evidence/7c4c45a53af68697.html
vjp_delta,0,+C,1.2,1.0318890699,1.3312499999999998,2.64125,0.3275,0,3,3,evidence/b4a748b7754f1d33.html
random,1,+C,1.0,3.331256607375,0.7962499999999999,2.30125,0.37625000000000003,0,3,3,evidence/3b0a5ce2d0e31773.html
vjp_cache,0,+C,1.2,3.824527356372,0.72875,1.93875,0.3025,0,3,3,evidence/988c571f9697b933.html
random,2,+C,1.0,3.184441362049,0.5837499999999998,2.0837499999999998,0.375,0,3,3,evidence/6c1871fd3a776890.html
mean_diff,0,+C,1.0,1.740137281246,-0.28249999999999975,1.8275000000000001,0.5275,0,3,3,evidence/01c3dad8fdefa633.html
pca,0,+C,1.2,1.870398717971,-0.30499999999999994,0.63,0.23374999999999999,0,3,3,evidence/dc3d82f612e70d9b.html
random,3,+C,1.2,4.240568504879,-0.35749999999999993,2.0775,0.60875,0,3,3,evidence/b859827b4823eed1.html
random,4,+C,0.8,2.296016965865,-0.5662500000000001,0.91875,0.37125,0,3,3,evidence/41fee9ecc4d7ee57.html
kv_cache_gram,0,+C,0.8,0.701596340467,-1.06125,0.15375,0.30375,0,3,3,evidence/f0a78432d6e1e840.html
vjp_cache,0,-C,1.2,3.394061429915,-0.10000000000000009,2.225,0.58125,1,3,3,evidence/fa631b39c0ea779c.html
vjp_delta,0,-C,0.8,0.632169482802,-0.23375000000000012,2.19625,0.6075,0,3,3,evidence/4b45fefaf81c03e8.html
random,4,-C,0.8,2.682397403031,-1.3937499999999998,0.07125,0.36624999999999996,0,2,3,evidence/f343911968edd1bc.html
mean_diff,0,-C,0.8,1.22104810869,-1.59625,-0.31124999999999997,0.32125,0,3,3,evidence/552c466a5b2db217.html
pca,0,-C,0.8,1.120289558611,-1.68125,-0.52125,0.29,0,3,3,evidence/bf064ccf0ed6ba76.html
kv_cache_gram,0,-C,0.8,0.644631634012,-1.6975,-0.7175,0.245,0,3,3,evidence/610ef725c7712b03.html
random,1,-C,0.8,2.517440317127,-2.1987499999999995,-0.03874999999999995,0.5399999999999999,0,3,3,evidence/1b8c66656894d8ec.html
random,2,-C,0.8,2.749051245142,-2.7737499999999997,-0.50875,0.5662499999999999,0,3,3,evidence/597c7cd4b93e4137.html
random,0,-C,1.0,3.381871973048,-2.8375,-0.6625,0.54375,0,3,3,evidence/6aca5345b4635b6b.html
random,3,-C,0.8,2.428891020832,-4.779999999999999,-2.61,0.5425,0,3,3,evidence/9bc526ea3c116a4a.html
