method,seed,case,side,predicted_1x,health_08,health_1,health_12,flags_08,flags_1,flags_12,highest_eligible_coefficient,first_higher_failed_coefficient,boundary,kl_absolute_error,kl_within_005,score_regret,best_multiplier,evidence
kv_cache_gram,0,bsbench-v2-evaluation,+C,0.8769954255843635,true,true,true,0,0,0,1.0523945107012362,,all-healthy,0.0013688362335118887,true,0.6499999999999999,0.8,evidence/e90cbd066228f254.html
mean_diff,0,bsbench-v2-evaluation,+C,1.7401372812457252,true,true,true,0,0,2,2.08816473749487,,all-healthy,0.023328319316456847,true,0.0,1.0,evidence/01c3dad8fdefa633.html
pca,0,bsbench-v2-evaluation,+C,1.5586655983093214,true,true,true,0,0,0,1.8703987179711856,,all-healthy,0.003892870319495756,true,0.19125000000000003,1.2,evidence/d51f251ac2ae02a7.html
random,0,bsbench-v2-evaluation,+C,3.1042140347867653,true,true,true,0,0,0,3.7250568417441183,,all-healthy,0.04150136217336897,true,0.0,1.0,evidence/7c4c45a53af68697.html
random,1,bsbench-v2-evaluation,+C,3.3312566073745806,true,true,true,0,0,0,3.9975079288494966,,all-healthy,0.018554881952929314,true,0.0,1.0,evidence/3b0a5ce2d0e31773.html
random,2,bsbench-v2-evaluation,+C,3.184441362049061,true,true,true,0,0,0,3.821329634458873,,all-healthy,0.0458114574673929,true,0.0,1.0,evidence/6c1871fd3a776890.html
random,3,bsbench-v2-evaluation,+C,3.5338070873989422,true,true,true,1,0,0,4.2405685048787305,,all-healthy,0.030925567474774374,true,1.05125,1.2,evidence/afc7f89f08c1f1c8.html
random,4,bsbench-v2-evaluation,+C,2.870021207331462,true,true,true,0,0,0,3.4440254487977544,,all-healthy,0.021747354448099943,true,0.27249999999999974,0.8,evidence/0f9e8b11a4552016.html
vjp_cache,0,bsbench-v2-evaluation,+C,3.187106130310155,true,true,true,0,0,0,3.8245273563721858,,all-healthy,0.012392105224545702,true,0.018750000000000044,1.2,evidence/5ed23c5e994b9e0b.html
vjp_delta,0,bsbench-v2-evaluation,+C,0.8599075582497462,true,true,true,0,0,0,1.0318890698996954,,all-healthy,0.03784527306339214,true,0.2574999999999996,1.2,evidence/6e8cde4952c3bd96.html
kv_cache_gram,0,bsbench-v2-evaluation,-C,-0.8057895425144393,true,true,true,0,0,2,-0.9669474510173272,,all-healthy,0.005971447298422777,true,1.1887499999999995,0.8,evidence/29f5265257ae0529.html
mean_diff,0,bsbench-v2-evaluation,-C,-1.5263101358620537,true,true,true,0,0,0,-1.8315721630344644,,all-healthy,0.04441525054509454,true,0.6150000000000002,0.8,evidence/ae57a919102abd12.html
pca,0,bsbench-v2-evaluation,-C,-1.400361948263233,true,true,true,0,0,0,-1.6804343379158795,,all-healthy,0.007173897398124296,true,0.56,0.8,evidence/52041a579e20cc90.html
random,0,bsbench-v2-evaluation,-C,-3.3818719730482503,true,true,true,1,0,2,-4.0582463676579,,all-healthy,0.030080873815825027,true,0.0,1.0,evidence/6aca5345b4635b6b.html
random,1,bsbench-v2-evaluation,-C,-3.1468003964081506,true,true,true,0,0,0,-3.7761604756897804,,all-healthy,0.012727483369183723,true,0.7012500000000004,0.8,evidence/8a8fe41a116a556e.html
random,2,bsbench-v2-evaluation,-C,-3.436314056427127,true,true,true,0,0,0,-4.123576867712552,,all-healthy,0.005599362683609943,true,0.2887500000000003,0.8,evidence/107ca09708708538.html
random,3,bsbench-v2-evaluation,-C,-3.0361137760397527,true,true,true,0,0,0,-3.6433365312477033,,all-healthy,0.0005739882854738365,true,0.6812500000000004,0.8,evidence/761e23b76f030179.html
random,4,bsbench-v2-evaluation,-C,-3.3529967537893572,true,true,false,0,1,9,-3.3529967537893572,-4.023596104547228,bracketed,0.013702448427418856,true,2.4175000000000004,0.8,evidence/f76fbfba23c1795b.html
vjp_cache,0,bsbench-v2-evaluation,-C,-2.82838452492946,true,true,true,0,0,1,-3.394061429915352,,all-healthy,0.0016766175003688488,true,0.1499999999999999,1.2,evidence/5489351493017157.html
vjp_delta,0,bsbench-v2-evaluation,-C,-0.7902118535030789,true,true,true,0,0,5,-0.9482542242036947,,all-healthy,0.03495446915844014,true,0.94,0.8,evidence/35f2648766897402.html
kv_cache_gram,0,bsbench-v2-heldout-a,+C,0.9979391239320304,true,true,true,0,0,0,1.1975269487184366,,all-healthy,0.0012209557796564463,true,,,../cache/final-generation/909ad418a4afb8f59c0b731283276b033814f9097102646ee62f1b0be2c39495.json
mean_diff,0,bsbench-v2-heldout-a,+C,1.7975247435081052,true,true,true,0,0,0,2.157029692209726,,all-healthy,0.04649694276387506,true,,,../cache/final-generation/696f6bc2c1611a75da96363df858b4ffae348f2d87da6c9f41ca8d0a0bd6400b.json
pca,0,bsbench-v2-heldout-a,+C,1.4440548964319826,true,true,true,0,0,0,1.732865875718379,,all-healthy,0.0029745415574413125,true,,,../cache/final-generation/c238bf61ae5734b613f47658314deb9de99bd70a892c41b155580253e9b25835.json
random,0,bsbench-v2-heldout-a,+C,2.7014186073359427,true,true,true,0,0,0,3.241702328803131,,all-healthy,0.028436024038603347,true,,,../cache/final-generation/7b352bdb4ed4726239e4e2ea3e2a899b6916d936b83151473f8b4aa7bcac7a33.json
random,1,bsbench-v2-heldout-a,+C,3.422140369708629,true,true,true,0,0,0,4.106568443650354,,all-healthy,0.037209793187451545,true,,,../cache/final-generation/d6b7e28c35dff1e0c301ae28064d953bf9b415e56538d622affdd325d10c256b.json
random,2,bsbench-v2-heldout-a,+C,2.7356867234066735,true,true,true,0,0,0,3.2828240680880083,,all-healthy,0.018805963826493244,true,,,../cache/final-generation/627141b0d29548e8476415802976c5bc6eff51dd23e3f38a56873bc003b99de5.json
random,3,bsbench-v2-heldout-a,+C,3.196852023019865,true,true,true,0,0,0,3.836222427623838,,all-healthy,0.05012529644053365,false,,,../cache/final-generation/6adc18e6578ea8733f359b8789d5318a827245120790e8194c682b6d0f425681.json
random,4,bsbench-v2-heldout-a,+C,2.584420311033624,true,true,true,0,0,0,3.1013043732403487,,all-healthy,0.019765134870747714,true,,,../cache/final-generation/ec8ead070bee60fb1c6ec4652abb94360101b571273e0a770299afcaa80b5334.json
vjp_cache,0,bsbench-v2-heldout-a,+C,2.5430045706263327,true,true,true,0,0,0,3.051605484751599,,all-healthy,0.0038946584491093006,true,,,../cache/final-generation/20654fd012676497080d5a8555f7c0f427bc7d84f4619a3baf1cd45c7d22db64.json
vjp_delta,0,bsbench-v2-heldout-a,+C,0.7608163328480847,true,true,true,0,0,0,0.9129795994177016,,all-healthy,0.01840825800678203,true,,,../cache/final-generation/4f47cfe7c8ab60ffa8e9aa2eb2d5ba878c1c429462d4d0e3d4c7932d1f0c426e.json
kv_cache_gram,0,bsbench-v2-heldout-a,-C,-0.8051201325659899,true,true,true,0,0,0,-0.9661441590791878,,all-healthy,0.005611852476492846,true,,,../cache/final-generation/909ad418a4afb8f59c0b731283276b033814f9097102646ee62f1b0be2c39495.json
mean_diff,0,bsbench-v2-heldout-a,-C,-1.3946488252388158,true,true,true,0,0,0,-1.673578590286579,,all-healthy,0.02794603990976996,true,,,../cache/final-generation/696f6bc2c1611a75da96363df858b4ffae348f2d87da6c9f41ca8d0a0bd6400b.json
pca,0,bsbench-v2-heldout-a,-C,-1.6474833540765317,true,true,false,0,0,1,-1.6474833540765317,-1.9769800248918379,bracketed,0.0006249978417057211,true,,,../cache/final-generation/c238bf61ae5734b613f47658314deb9de99bd70a892c41b155580253e9b25835.json
random,0,bsbench-v2-heldout-a,-C,-3.144851963298565,true,true,true,0,0,0,-3.773822355958278,,all-healthy,0.03516105905313249,true,,,../cache/final-generation/7b352bdb4ed4726239e4e2ea3e2a899b6916d936b83151473f8b4aa7bcac7a33.json
random,1,bsbench-v2-heldout-a,-C,-3.079638773243766,true,true,true,0,0,0,-3.695566527892519,,all-healthy,0.0201740421282528,true,,,../cache/final-generation/d6b7e28c35dff1e0c301ae28064d953bf9b415e56538d622affdd325d10c256b.json
random,2,bsbench-v2-heldout-a,-C,-3.565945640040738,true,true,true,0,0,0,-4.279134768048885,,all-healthy,0.0019054244282998845,true,,,../cache/final-generation/627141b0d29548e8476415802976c5bc6eff51dd23e3f38a56873bc003b99de5.json
random,3,bsbench-v2-heldout-a,-C,-2.6231061984986286,true,true,true,0,0,0,-3.147727438198354,,all-healthy,0.015311424407549845,true,,,../cache/final-generation/6adc18e6578ea8733f359b8789d5318a827245120790e8194c682b6d0f425681.json
random,4,bsbench-v2-heldout-a,-C,-3.9127842953107312,true,true,false,0,0,2,-3.9127842953107312,-4.695341154372877,bracketed,0.01227814334656796,true,,,../cache/final-generation/ec8ead070bee60fb1c6ec4652abb94360101b571273e0a770299afcaa80b5334.json
vjp_cache,0,bsbench-v2-heldout-a,-C,-4.638462858716458,true,true,true,0,0,0,-5.566155430459749,,all-healthy,0.012379525539461866,true,,,../cache/final-generation/20654fd012676497080d5a8555f7c0f427bc7d84f4619a3baf1cd45c7d22db64.json
vjp_delta,0,bsbench-v2-heldout-a,-C,-0.6605207732805559,true,true,true,0,0,0,-0.7926249279366671,,all-healthy,0.12357296471378276,false,,,../cache/final-generation/4f47cfe7c8ab60ffa8e9aa2eb2d5ba878c1c429462d4d0e3d4c7932d1f0c426e.json
kv_cache_gram,0,bsbench-v2-heldout-b,+C,0.9191522983080931,true,true,true,0,0,0,1.1029827579697116,,all-healthy,0.007843612959488905,true,,,../cache/final-generation/909ad418a4afb8f59c0b731283276b033814f9097102646ee62f1b0be2c39495.json
mean_diff,0,bsbench-v2-heldout-b,+C,1.358572365477899,true,true,true,0,0,0,1.6302868385734788,,all-healthy,0.008379444355418153,true,,,../cache/final-generation/696f6bc2c1611a75da96363df858b4ffae348f2d87da6c9f41ca8d0a0bd6400b.json
pca,0,bsbench-v2-heldout-b,+C,1.3845866541342313,true,true,true,0,0,0,1.6615039849610775,,all-healthy,0.028817875611175936,true,,,../cache/final-generation/c238bf61ae5734b613f47658314deb9de99bd70a892c41b155580253e9b25835.json
random,0,bsbench-v2-heldout-b,+C,2.440231666932799,true,true,true,0,0,0,2.928278000319359,,all-healthy,0.002127807290742356,true,,,../cache/final-generation/7b352bdb4ed4726239e4e2ea3e2a899b6916d936b83151473f8b4aa7bcac7a33.json
random,1,bsbench-v2-heldout-b,+C,3.1094901022846964,true,true,true,0,0,0,3.7313881227416354,,all-healthy,0.042702154062914666,true,,,../cache/final-generation/d6b7e28c35dff1e0c301ae28064d953bf9b415e56538d622affdd325d10c256b.json
random,2,bsbench-v2-heldout-b,+C,3.4323837867025513,true,true,true,0,0,0,4.118860544043061,,all-healthy,0.021883325743361492,true,,,../cache/final-generation/627141b0d29548e8476415802976c5bc6eff51dd23e3f38a56873bc003b99de5.json
random,3,bsbench-v2-heldout-b,+C,3.1216323806980797,true,true,true,0,0,0,3.7459588568376954,,all-healthy,0.045357529792376505,true,,,../cache/final-generation/6adc18e6578ea8733f359b8789d5318a827245120790e8194c682b6d0f425681.json
random,4,bsbench-v2-heldout-b,+C,2.8250369947945444,true,true,true,0,0,0,3.390044393753453,,all-healthy,0.011917177617808195,true,,,../cache/final-generation/ec8ead070bee60fb1c6ec4652abb94360101b571273e0a770299afcaa80b5334.json
vjp_cache,0,bsbench-v2-heldout-b,+C,3.125406649554251,true,true,true,0,0,0,3.750487979465101,,all-healthy,0.026953218814913527,true,,,../cache/final-generation/20654fd012676497080d5a8555f7c0f427bc7d84f4619a3baf1cd45c7d22db64.json
vjp_delta,0,bsbench-v2-heldout-b,+C,0.7659980974239892,true,true,true,0,0,0,0.9191977169087869,,all-healthy,0.046286244437903856,true,,,../cache/final-generation/4f47cfe7c8ab60ffa8e9aa2eb2d5ba878c1c429462d4d0e3d4c7932d1f0c426e.json
kv_cache_gram,0,bsbench-v2-heldout-b,-C,-0.7917247647931324,true,true,true,0,0,0,-0.9500697177517587,,all-healthy,0.046692029306784594,true,,,../cache/final-generation/909ad418a4afb8f59c0b731283276b033814f9097102646ee62f1b0be2c39495.json
mean_diff,0,bsbench-v2-heldout-b,-C,-1.5345548554602888,true,true,true,0,0,0,-1.8414658265523465,,all-healthy,0.028344377750803895,true,,,../cache/final-generation/696f6bc2c1611a75da96363df858b4ffae348f2d87da6c9f41ca8d0a0bd6400b.json
pca,0,bsbench-v2-heldout-b,-C,-1.7457490269991482,true,true,true,0,0,0,-2.094898832398978,,all-healthy,0.0402321682101589,true,,,../cache/final-generation/c238bf61ae5734b613f47658314deb9de99bd70a892c41b155580253e9b25835.json
random,0,bsbench-v2-heldout-b,-C,-3.3668807333773936,true,true,true,0,0,0,-4.040256880052872,,all-healthy,0.026008885057160813,true,,,../cache/final-generation/7b352bdb4ed4726239e4e2ea3e2a899b6916d936b83151473f8b4aa7bcac7a33.json
random,1,bsbench-v2-heldout-b,-C,-2.702069685011926,true,true,true,0,0,0,-3.242483622014311,,all-healthy,0.040610686682390984,true,,,../cache/final-generation/d6b7e28c35dff1e0c301ae28064d953bf9b415e56538d622affdd325d10c256b.json
random,2,bsbench-v2-heldout-b,-C,-3.3173002205411017,true,true,true,0,0,0,-3.980760264649322,,all-healthy,0.008178872895554523,true,,,../cache/final-generation/627141b0d29548e8476415802976c5bc6eff51dd23e3f38a56873bc003b99de5.json
random,3,bsbench-v2-heldout-b,-C,-3.3119908956661805,true,true,true,0,0,0,-3.9743890747994164,,all-healthy,0.028031165924481405,true,,,../cache/final-generation/6adc18e6578ea8733f359b8789d5318a827245120790e8194c682b6d0f425681.json
random,4,bsbench-v2-heldout-b,-C,-3.2528643252483755,true,true,false,0,0,1,-3.2528643252483755,-3.9034371902980505,bracketed,0.037268634855488925,true,,,../cache/final-generation/ec8ead070bee60fb1c6ec4652abb94360101b571273e0a770299afcaa80b5334.json
vjp_cache,0,bsbench-v2-heldout-b,-C,-2.7933829749930177,true,true,true,0,0,0,-3.352059569991621,,all-healthy,0.04096335017401387,true,,,../cache/final-generation/20654fd012676497080d5a8555f7c0f427bc7d84f4619a3baf1cd45c7d22db64.json
vjp_delta,0,bsbench-v2-heldout-b,-C,-0.6443748890223574,true,true,true,0,0,0,-0.7732498668268288,,all-healthy,0.06127969498851826,false,,,../cache/final-generation/4f47cfe7c8ab60ffa8e9aa2eb2d5ba878c1c429462d4d0e3d4c7932d1f0c426e.json
kv_cache_gram,0,paper-native-false-claim-agreement-a,+C,1.08958579184162,true,true,true,0,0,0,1.307502950209944,,all-healthy,0.015141666600600207,true,,,../cache/final-generation/909ad418a4afb8f59c0b731283276b033814f9097102646ee62f1b0be2c39495.json
mean_diff,0,paper-native-false-claim-agreement-a,+C,1.598300748717826,true,true,true,0,0,0,1.9179608984613912,,all-healthy,0.0424365551524859,true,,,../cache/final-generation/696f6bc2c1611a75da96363df858b4ffae348f2d87da6c9f41ca8d0a0bd6400b.json
pca,0,paper-native-false-claim-agreement-a,+C,1.4101558013094646,true,true,true,0,0,0,1.6921869615713574,,all-healthy,0.015629784834991056,true,,,../cache/final-generation/c238bf61ae5734b613f47658314deb9de99bd70a892c41b155580253e9b25835.json
random,0,paper-native-false-claim-agreement-a,+C,4.010748313663584,true,true,true,0,0,0,4.812897976396301,,all-healthy,0.051865379960725266,false,,,../cache/final-generation/7b352bdb4ed4726239e4e2ea3e2a899b6916d936b83151473f8b4aa7bcac7a33.json
random,1,paper-native-false-claim-agreement-a,+C,4.204605153373229,true,true,false,0,0,2,4.204605153373229,5.0455261840478745,bracketed,0.03428248987324256,true,,,../cache/final-generation/d6b7e28c35dff1e0c301ae28064d953bf9b415e56538d622affdd325d10c256b.json
random,2,paper-native-false-claim-agreement-a,+C,3.8674252356359333,true,true,true,0,0,0,4.6409102827631195,,all-healthy,0.03690405385462858,true,,,../cache/final-generation/627141b0d29548e8476415802976c5bc6eff51dd23e3f38a56873bc003b99de5.json
random,3,paper-native-false-claim-agreement-a,+C,4.687945601845418,true,true,true,0,0,0,5.625534722214502,,all-healthy,0.04525178226511861,true,,,../cache/final-generation/6adc18e6578ea8733f359b8789d5318a827245120790e8194c682b6d0f425681.json
random,4,paper-native-false-claim-agreement-a,+C,3.348922583250412,true,true,true,0,0,0,4.018707099900494,,all-healthy,0.029547568380574374,true,,,../cache/final-generation/ec8ead070bee60fb1c6ec4652abb94360101b571273e0a770299afcaa80b5334.json
vjp_cache,0,paper-native-false-claim-agreement-a,+C,3.682259272635359,true,true,true,0,0,0,4.418711127162431,,all-healthy,0.011075316307131544,true,,,../cache/final-generation/20654fd012676497080d5a8555f7c0f427bc7d84f4619a3baf1cd45c7d22db64.json
vjp_delta,0,paper-native-false-claim-agreement-a,+C,1.1752985119351247,true,true,true,0,0,0,1.4103582143221496,,all-healthy,0.03916053052166035,true,,,../cache/final-generation/4f47cfe7c8ab60ffa8e9aa2eb2d5ba878c1c429462d4d0e3d4c7932d1f0c426e.json
kv_cache_gram,0,paper-native-false-claim-agreement-a,-C,-0.8612750051155069,true,true,true,0,0,0,-1.0335300061386083,,all-healthy,0.0036798559928980235,true,,,../cache/final-generation/909ad418a4afb8f59c0b731283276b033814f9097102646ee62f1b0be2c39495.json
mean_diff,0,paper-native-false-claim-agreement-a,-C,-2.129611379359145,true,true,true,0,0,0,-2.555533655230974,,all-healthy,0.02061297011906915,true,,,../cache/final-generation/696f6bc2c1611a75da96363df858b4ffae348f2d87da6c9f41ca8d0a0bd6400b.json
pca,0,paper-native-false-claim-agreement-a,-C,-1.8461623429562255,true,true,false,0,0,1,-1.8461623429562255,-2.2153948115474704,bracketed,0.04618468724428598,true,,,../cache/final-generation/c238bf61ae5734b613f47658314deb9de99bd70a892c41b155580253e9b25835.json
random,0,paper-native-false-claim-agreement-a,-C,-4.2187356995734255,true,true,false,0,0,2,-4.2187356995734255,-5.06248283948811,bracketed,0.024910528509428542,true,,,../cache/final-generation/7b352bdb4ed4726239e4e2ea3e2a899b6916d936b83151473f8b4aa7bcac7a33.json
random,1,paper-native-false-claim-agreement-a,-C,-4.2348568395810835,true,true,true,0,0,0,-5.0818282074973,,all-healthy,0.09320782051212806,false,,,../cache/final-generation/d6b7e28c35dff1e0c301ae28064d953bf9b415e56538d622affdd325d10c256b.json
random,2,paper-native-false-claim-agreement-a,-C,-4.667770548262961,true,true,true,0,0,0,-5.601324657915553,,all-healthy,0.0025880764249124333,true,,,../cache/final-generation/627141b0d29548e8476415802976c5bc6eff51dd23e3f38a56873bc003b99de5.json
random,3,paper-native-false-claim-agreement-a,-C,-4.047715405015525,true,true,true,0,0,0,-4.8572584860186305,,all-healthy,0.06041460784953023,false,,,../cache/final-generation/6adc18e6578ea8733f359b8789d5318a827245120790e8194c682b6d0f425681.json
random,4,paper-native-false-claim-agreement-a,-C,-4.238992700596308,true,true,true,0,0,0,-5.086791240715569,,all-healthy,0.04234356063630185,true,,,../cache/final-generation/ec8ead070bee60fb1c6ec4652abb94360101b571273e0a770299afcaa80b5334.json
vjp_cache,0,paper-native-false-claim-agreement-a,-C,-3.3953026033192453,true,true,true,0,0,0,-4.074363123983094,,all-healthy,0.09358230388444255,false,,,../cache/final-generation/20654fd012676497080d5a8555f7c0f427bc7d84f4619a3baf1cd45c7d22db64.json
vjp_delta,0,paper-native-false-claim-agreement-a,-C,-0.7134319529171322,true,true,true,0,0,0,-0.8561183435005587,,all-healthy,0.03813685898563335,true,,,../cache/final-generation/4f47cfe7c8ab60ffa8e9aa2eb2d5ba878c1c429462d4d0e3d4c7932d1f0c426e.json
kv_cache_gram,0,paper-native-false-claim-agreement-b,+C,0.8753036649850304,true,true,true,0,0,0,1.0503643979820365,,all-healthy,0.004190147588149035,true,,,../cache/final-generation/909ad418a4afb8f59c0b731283276b033814f9097102646ee62f1b0be2c39495.json
mean_diff,0,paper-native-false-claim-agreement-b,+C,1.7026572104960827,true,true,true,0,0,0,2.043188652595299,,all-healthy,0.017467960590769716,true,,,../cache/final-generation/696f6bc2c1611a75da96363df858b4ffae348f2d87da6c9f41ca8d0a0bd6400b.json
pca,0,paper-native-false-claim-agreement-b,+C,1.911477298803168,true,true,true,0,0,0,2.2937727585638017,,all-healthy,0.021558804737915438,true,,,../cache/final-generation/c238bf61ae5734b613f47658314deb9de99bd70a892c41b155580253e9b25835.json
random,0,paper-native-false-claim-agreement-b,+C,3.4573173525340075,true,true,false,0,0,1,3.4573173525340075,4.148780823040809,bracketed,0.1261305619790053,false,,,../cache/final-generation/7b352bdb4ed4726239e4e2ea3e2a899b6916d936b83151473f8b4aa7bcac7a33.json
random,1,paper-native-false-claim-agreement-b,+C,3.320963622769911,true,true,true,0,0,0,3.985156347323893,,all-healthy,0.07412795648701209,false,,,../cache/final-generation/d6b7e28c35dff1e0c301ae28064d953bf9b415e56538d622affdd325d10c256b.json
random,2,paper-native-false-claim-agreement-b,+C,3.726553411222566,true,true,false,0,0,1,3.726553411222566,4.471864093467079,bracketed,0.028185205626173992,true,,,../cache/final-generation/627141b0d29548e8476415802976c5bc6eff51dd23e3f38a56873bc003b99de5.json
random,3,paper-native-false-claim-agreement-b,+C,4.672618960338339,true,true,true,0,0,0,5.6071427524060065,,all-healthy,0.026932533111981405,true,,,../cache/final-generation/6adc18e6578ea8733f359b8789d5318a827245120790e8194c682b6d0f425681.json
random,4,paper-native-false-claim-agreement-b,+C,3.0927025355495847,true,true,true,0,0,0,3.7112430426595013,,all-healthy,0.09209555011961856,false,,,../cache/final-generation/ec8ead070bee60fb1c6ec4652abb94360101b571273e0a770299afcaa80b5334.json
vjp_cache,0,paper-native-false-claim-agreement-b,+C,3.076716843761558,true,true,true,0,0,0,3.6920602125138697,,all-healthy,0.02726170265394856,true,,,../cache/final-generation/20654fd012676497080d5a8555f7c0f427bc7d84f4619a3baf1cd45c7d22db64.json
vjp_delta,0,paper-native-false-claim-agreement-b,+C,1.1408127553525795,true,true,true,0,0,0,1.3689753064230954,,all-healthy,0.032366971924095655,true,,,../cache/final-generation/4f47cfe7c8ab60ffa8e9aa2eb2d5ba878c1c429462d4d0e3d4c7932d1f0c426e.json
kv_cache_gram,0,paper-native-false-claim-agreement-b,-C,-1.0359590181600702,true,true,true,0,0,0,-1.2431508217920841,,all-healthy,0.0033159858678731557,true,,,../cache/final-generation/909ad418a4afb8f59c0b731283276b033814f9097102646ee62f1b0be2c39495.json
mean_diff,0,paper-native-false-claim-agreement-b,-C,-2.039789709567221,true,true,true,0,0,0,-2.447747651480665,,all-healthy,0.0019627659267682507,true,,,../cache/final-generation/696f6bc2c1611a75da96363df858b4ffae348f2d87da6c9f41ca8d0a0bd6400b.json
pca,0,paper-native-false-claim-agreement-b,-C,-1.467424732511779,true,true,true,0,0,0,-1.7609096790141348,,all-healthy,0.012451680076728422,true,,,../cache/final-generation/c238bf61ae5734b613f47658314deb9de99bd70a892c41b155580253e9b25835.json
random,0,paper-native-false-claim-agreement-b,-C,-4.14779459461815,true,true,false,0,0,2,-4.14779459461815,-4.97735351354178,bracketed,0.03610859409112688,true,,,../cache/final-generation/7b352bdb4ed4726239e4e2ea3e2a899b6916d936b83151473f8b4aa7bcac7a33.json
random,1,paper-native-false-claim-agreement-b,-C,-4.514362727109495,true,true,true,0,0,0,-5.417235272531394,,all-healthy,0.0012497745526554027,true,,,../cache/final-generation/d6b7e28c35dff1e0c301ae28064d953bf9b415e56538d622affdd325d10c256b.json
random,2,paper-native-false-claim-agreement-b,-C,-4.091112336653439,true,true,true,0,0,0,-4.909334803984127,,all-healthy,0.02532692449061491,true,,,../cache/final-generation/627141b0d29548e8476415802976c5bc6eff51dd23e3f38a56873bc003b99de5.json
random,3,paper-native-false-claim-agreement-b,-C,-3.532441421625625,true,true,true,0,0,0,-4.23892970595075,,all-healthy,0.04501635280568217,true,,,../cache/final-generation/6adc18e6578ea8733f359b8789d5318a827245120790e8194c682b6d0f425681.json
random,4,paper-native-false-claim-agreement-b,-C,-4.025818475841227,true,true,true,0,0,0,-4.830982171009472,,all-healthy,0.18039226907517514,false,,,../cache/final-generation/ec8ead070bee60fb1c6ec4652abb94360101b571273e0a770299afcaa80b5334.json
vjp_cache,0,paper-native-false-claim-agreement-b,-C,-4.170376820135936,true,true,true,0,0,0,-5.0044521841631235,,all-healthy,0.048072667482312426,true,,,../cache/final-generation/20654fd012676497080d5a8555f7c0f427bc7d84f4619a3baf1cd45c7d22db64.json
vjp_delta,0,paper-native-false-claim-agreement-b,-C,-0.8947682584128972,true,true,true,0,0,0,-1.0737219100954767,,all-healthy,0.030488867805213427,true,,,../cache/final-generation/4f47cfe7c8ab60ffa8e9aa2eb2d5ba878c1c429462d4d0e3d4c7932d1f0c426e.json
